,TRACTID,cluster
0,36005000200,Stable
1,36005000400,Gentrifying
2,36005001600,Stable
3,36005001900,Gentrifying
4,36005002000,Gentrifying
5,36005002300,Stable
6,36005002500,Stable
7,36005002701,Stable
8,36005002702,Gentrifying
9,36005002800,Stable
10,36005003100,Stable
11,36005003300,Gentrifying
12,36005003500,Stable
13,36005003800,Stable
14,36005003900,Gentrifying
15,36005004001,Stable
16,36005004100,Gentrifying
17,36005004200,Stable
18,36005004300,Gentrifying
19,36005004400,Stable
20,36005004600,Stable
21,36005004800,Stable
22,36005005001,Stable
23,36005005002,Stable
24,36005005100,Gentrifying
25,36005005200,Stable
26,36005005300,Stable
27,36005005400,Stable
28,36005005600,Stable
29,36005005902,Stable
30,36005006000,Stable
31,36005006100,Stable
32,36005006200,Stable
33,36005006300,Gentrifying
34,36005006400,Stable
35,36005006500,Stable
36,36005006700,Stable
37,36005006800,Stable
38,36005006900,Gentrifying
39,36005007000,Stable
40,36005007100,Stable
41,36005007200,Stable
42,36005007300,Stable
43,36005007400,Stable
44,36005007500,Stable
45,36005007600,Stable
46,36005007700,Gentrifying
47,36005007800,Stable
48,36005007900,Stable
49,36005008300,Stable
50,36005008400,Stable
51,36005008500,Stable
52,36005008600,Stable
53,36005008700,Stable
54,36005008900,Stable
55,36005009000,Stable
56,36005009200,Stable
57,36005009300,Stable
58,36005009600,Stable
59,36005009800,Stable
60,36005011502,Gentrifying
61,36005011700,Gentrifying
62,36005011800,Mixture
63,36005011900,Gentrifying
64,36005012101,Stable
65,36005012102,Gentrifying
66,36005012300,Gentrifying
67,36005012500,Stable
68,36005012701,Stable
69,36005012901,Stable
70,36005013000,Mixture
71,36005013100,Stable
72,36005013200,Mixture
73,36005013300,Stable
74,36005013500,Stable
75,36005013800,Stable
76,36005014100,Gentrifying
77,36005014400,Stable
78,36005014500,Stable
79,36005014701,Stable
80,36005014702,Stable
81,36005014900,Stable
82,36005015100,Stable
83,36005015200,Mixture
84,36005015300,Gentrifying
85,36005015500,Stable
86,36005015700,Stable
87,36005015800,Mixture
88,36005015900,Stable
89,36005016000,Mixture
90,36005016100,Stable
91,36005016200,Mixture
92,36005016400,Mixture
93,36005016500,Stable
94,36005016600,Mixture
95,36005016700,Gentrifying
96,36005016900,Stable
97,36005017300,Stable
98,36005017500,Stable
99,36005017701,Stable
100,36005017702,Stable
101,36005017901,Stable
102,36005017902,Stable
103,36005018101,Stable
104,36005018102,Stable
105,36005018301,Stable
106,36005018302,Stable
107,36005018400,Mixture
108,36005018500,Stable
109,36005018900,Stable
110,36005019300,Stable
111,36005019400,Mixture
112,36005019500,Stable
113,36005019700,Stable
114,36005019900,Stable
115,36005020000,Stable
116,36005020100,Stable
117,36005020200,Stable
118,36005020400,Stable
119,36005020501,Stable
120,36005020502,Stable
121,36005020601,Stable
122,36005020900,Stable
123,36005021001,Stable
124,36005021002,Stable
125,36005021100,Stable
126,36005021200,Stable
127,36005021301,Stable
128,36005021302,Stable
129,36005021501,Stable
130,36005021502,Stable
131,36005021601,Stable
132,36005021602,Stable
133,36005021700,Stable
134,36005021800,Stable
135,36005021900,Stable
136,36005022000,Gentrifying
137,36005022101,Stable
138,36005022102,Gentrifying
139,36005022200,Stable
140,36005022300,Stable
141,36005022401,Stable
142,36005022403,Stable
143,36005022404,Stable
144,36005022500,Stable
145,36005022701,Stable
146,36005022702,Gentrifying
147,36005022703,Stable
148,36005022800,Stable
149,36005022901,Stable
150,36005022902,Stable
151,36005023000,Stable
152,36005023100,Stable
153,36005023200,Stable
154,36005023301,Stable
155,36005023302,Stable
156,36005023501,Stable
157,36005023502,Stable
158,36005023600,Stable
159,36005023702,Stable
160,36005023703,Stable
161,36005023704,Stable
162,36005023800,Mixture
163,36005023900,Gentrifying
164,36005024000,Stable
165,36005024100,Stable
166,36005024300,Stable
167,36005024400,Mixture
168,36005024501,Stable
169,36005024502,Stable
170,36005024600,Mixture
171,36005024700,Stable
172,36005024800,Mixture
173,36005025000,Mixture
174,36005025100,Stable
175,36005025200,Mixture
176,36005025300,Stable
177,36005025400,Mixture
178,36005025500,Stable
179,36005025600,Mixture
180,36005025700,Stable
181,36005026100,Stable
182,36005026300,Stable
183,36005026400,Mixture
184,36005026500,Stable
185,36005026601,Mixture
186,36005026602,Mixture
187,36005026701,Stable
188,36005026702,Stable
189,36005026900,Stable
190,36005027300,Stable
191,36005027401,Mixture
192,36005027402,Mixture
193,36005027700,Stable
194,36005027900,Stable
195,36005028100,Stable
196,36005028300,Stable
197,36005028400,Stable
198,36005028500,Stable
199,36005028600,Mixture
200,36005028700,Stable
201,36005028800,Mixture
202,36005028900,Stable
203,36005029301,Stable
204,36005029302,Stable
205,36005029500,Stable
206,36005029600,Stable
207,36005029700,Mixture
208,36005030000,Mixture
209,36005030100,Mixture
210,36005030200,Stable
211,36005030701,Mixture
212,36005030900,Mixture
213,36005031000,Mixture
214,36005031200,Mixture
215,36005031400,Stable
216,36005031600,Mixture
217,36005031800,Mixture
218,36005032300,Stable
219,36005032400,Stable
220,36005032600,Stable
221,36005032800,Stable
222,36005033000,Stable
223,36005033201,Stable
224,36005033202,Stable
225,36005033500,Stable
226,36005033600,Stable
227,36005033700,Stable
228,36005033800,Gentrifying
229,36005034000,Stable
230,36005034200,Stable
231,36005034300,Mixture
232,36005034400,Stable
233,36005034500,Stable
234,36005034800,Stable
235,36005035000,Stable
236,36005035100,Stable
237,36005035600,Stable
238,36005035800,Stable
239,36005035900,Stable
240,36005036000,Stable
241,36005036100,Stable
242,36005036300,Stable
243,36005036400,Stable
244,36005036501,Stable
245,36005036502,Stable
246,36005036700,Stable
247,36005036800,Stable
248,36005036901,Stable
249,36005036902,Stable
250,36005037000,Stable
251,36005037100,Stable
252,36005037200,Stable
253,36005037300,Stable
254,36005037400,Stable
255,36005037504,Stable
256,36005037600,Stable
257,36005037800,Stable
258,36005037900,Stable
259,36005038000,Stable
260,36005038100,Stable
261,36005038200,Stable
262,36005038301,Stable
263,36005038302,Stable
264,36005038500,Gentrifying
265,36005038600,Stable
266,36005038700,Stable
267,36005038800,Stable
268,36005038900,Stable
269,36005039000,Stable
270,36005039100,Stable
271,36005039200,Stable
272,36005039300,Stable
273,36005039400,Stable
274,36005039500,Stable
275,36005039600,Stable
276,36005039700,Stable
277,36005039800,Stable
278,36005039901,Stable
279,36005039902,Stable
280,36005040100,Stable
281,36005040302,Stable
282,36005040303,Stable
283,36005040304,Stable
284,36005040400,Stable
285,36005040501,Stable
286,36005040502,Stable
287,36005040600,Stable
288,36005040701,Stable
289,36005040702,Stable
290,36005040800,Stable
291,36005040900,Stable
292,36005041100,Stable
293,36005041300,Stable
294,36005041400,Stable
295,36005041500,Stable
296,36005041800,Stable
297,36005041900,Stable
298,36005042000,Stable
299,36005042100,Stable
300,36005042200,Stable
301,36005042300,Stable
302,36005042400,Stable
303,36005042500,Stable
304,36005042600,Stable
305,36005042800,Stable
306,36005042901,Stable
307,36005042902,Stable
308,36005043000,Stable
309,36005043100,Stable
310,36005043400,Stable
311,36005043600,Stable
312,36005044200,Stable
313,36005044400,Stable
314,36005044800,Stable
315,36005044901,Mixture
316,36005044902,Mixture
317,36005045101,Mixture
318,36005045102,Mixture
319,36005045600,Stable
320,36005045800,Stable
321,36005046000,Stable
322,36005046201,Stable
323,36005046202,Stable
324,36005048400,Stable
325,36005051600,Mixture
326,36047000100,Stable
327,36047000200,Stable
328,36047000301,Stable
329,36047000501,Mixture
330,36047000502,Stable
331,36047000700,Stable
332,36047000900,Stable
333,36047001300,Stable
334,36047001500,Gentrifying
335,36047002000,Stable
336,36047002100,Stable
337,36047002200,Stable
338,36047002300,Gentrifying
339,36047002901,Gentrifying
340,36047003000,Stable
341,36047003100,Stable
342,36047003300,Stable
343,36047003400,Mixture
344,36047003500,Stable
345,36047003600,Stable
346,36047003800,Mixture
347,36047003900,Stable
348,36047004100,Stable
349,36047004300,Stable
350,36047004400,Stable
351,36047004500,Stable
352,36047004600,Mixture
353,36047004700,Stable
354,36047004900,Stable
355,36047005000,Mixture
356,36047005100,Stable
357,36047005201,Stable
358,36047005202,Mixture
359,36047005300,Gentrifying
360,36047005400,Mixture
361,36047005601,Stable
362,36047005602,Stable
363,36047005800,Stable
364,36047005900,Gentrifying
365,36047006000,Mixture
366,36047006200,Stable
367,36047006300,Stable
368,36047006400,Mixture
369,36047006500,Stable
370,36047006600,Mixture
371,36047006700,Stable
372,36047006800,Stable
373,36047006900,Stable
374,36047007000,Stable
375,36047007100,Stable
376,36047007200,Stable
377,36047007400,Stable
378,36047007500,Stable
379,36047007600,Gentrifying
380,36047007700,Stable
381,36047007800,Gentrifying
382,36047008000,Gentrifying
383,36047008200,Stable
384,36047008400,Stable
385,36047008500,Stable
386,36047008800,Stable
387,36047009000,Stable
388,36047009200,Stable
389,36047009400,Stable
390,36047009600,Stable
391,36047009800,Stable
392,36047010000,Stable
393,36047010100,Gentrifying
394,36047010200,Stable
395,36047010400,Stable
396,36047010600,Stable
397,36047010800,Stable
398,36047011000,Stable
399,36047011200,Stable
400,36047011400,Stable
401,36047011600,Stable
402,36047011700,Gentrifying
403,36047011800,Stable
404,36047011900,Gentrifying
405,36047012000,Stable
406,36047012100,Gentrifying
407,36047012200,Stable
408,36047012600,Stable
409,36047012700,Stable
410,36047012801,Stable
411,36047012901,Stable
412,36047012902,Stable
413,36047013000,Stable
414,36047013100,Stable
415,36047013200,Stable
416,36047013300,Stable
417,36047013400,Mixture
418,36047013500,Stable
419,36047013600,Mixture
420,36047013700,Stable
421,36047013800,Mixture
422,36047013900,Stable
423,36047014000,Stable
424,36047014100,Gentrifying
425,36047014200,Mixture
426,36047014300,Gentrifying
427,36047014500,Gentrifying
428,36047014700,Gentrifying
429,36047014800,Mixture
430,36047014900,Gentrifying
431,36047015000,Mixture
432,36047015100,Stable
433,36047015200,Mixture
434,36047015300,Stable
435,36047015500,Stable
436,36047015700,Stable
437,36047015900,Stable
438,36047016000,Stable
439,36047016100,Stable
440,36047016200,Mixture
441,36047016300,Stable
442,36047016400,Stable
443,36047016500,Stable
444,36047016600,Mixture
445,36047016700,Stable
446,36047016800,Mixture
447,36047016900,Stable
448,36047017000,Mixture
449,36047017100,Stable
450,36047017200,Mixture
451,36047017400,Mixture
452,36047017600,Mixture
453,36047017800,Mixture
454,36047017900,Stable
455,36047018000,Mixture
456,36047018100,Stable
457,36047018200,Mixture
458,36047018300,Stable
459,36047018400,Mixture
460,36047018501,Gentrifying
461,36047018600,Mixture
462,36047018700,Gentrifying
463,36047018800,Mixture
464,36047019000,Mixture
465,36047019100,Stable
466,36047019200,Stable
467,36047019300,Stable
468,36047019400,Stable
469,36047019500,Stable
470,36047019600,Mixture
471,36047019700,Stable
472,36047019800,Mixture
473,36047019900,Stable
474,36047020000,Mixture
475,36047020100,Stable
476,36047020200,Mixture
477,36047020300,Gentrifying
478,36047020400,Mixture
479,36047020500,Gentrifying
480,36047020600,Mixture
481,36047020700,Stable
482,36047020800,Stable
483,36047021000,Stable
484,36047021100,Stable
485,36047021200,Stable
486,36047021300,Stable
487,36047021400,Stable
488,36047021500,Stable
489,36047021600,Stable
490,36047021700,Stable
491,36047021800,Stable
492,36047021900,Stable
493,36047022000,Stable
494,36047022100,Gentrifying
495,36047022200,Stable
496,36047022400,Stable
497,36047022600,Stable
498,36047022700,Gentrifying
499,36047022800,Stable
500,36047022900,Gentrifying
501,36047023000,Stable
502,36047023100,Stable
503,36047023200,Stable
504,36047023300,Gentrifying
505,36047023400,Mixture
506,36047023500,Gentrifying
507,36047023600,Stable
508,36047023800,Mixture
509,36047024000,Stable
510,36047024100,Gentrifying
511,36047024200,Stable
512,36047024300,Gentrifying
513,36047024400,Stable
514,36047024500,Stable
515,36047024600,Mixture
516,36047024700,Gentrifying
517,36047024800,Mixture
518,36047024900,Gentrifying
519,36047025000,Mixture
520,36047025100,Gentrifying
521,36047025200,Stable
522,36047025300,Gentrifying
523,36047025400,Mixture
524,36047025500,Gentrifying
525,36047025600,Mixture
526,36047025700,Stable
527,36047025800,Mixture
528,36047025901,Gentrifying
529,36047025902,Stable
530,36047026000,Mixture
531,36047026100,Gentrifying
532,36047026200,Mixture
533,36047026300,Stable
534,36047026400,Mixture
535,36047026500,Stable
536,36047026600,Stable
537,36047026700,Gentrifying
538,36047026800,Mixture
539,36047026900,Gentrifying
540,36047027000,Stable
541,36047027100,Gentrifying
542,36047027200,Mixture
543,36047027300,Stable
544,36047027400,Mixture
545,36047027500,Gentrifying
546,36047027600,Mixture
547,36047027700,Stable
548,36047027800,Mixture
549,36047027900,Gentrifying
550,36047028000,Mixture
551,36047028100,Gentrifying
552,36047028200,Mixture
553,36047028300,Stable
554,36047028400,Mixture
555,36047028502,Stable
556,36047028600,Mixture
557,36047028700,Gentrifying
558,36047028800,Mixture
559,36047028900,Gentrifying
560,36047029000,Stable
561,36047029100,Stable
562,36047029200,Stable
563,36047029300,Stable
564,36047029400,Stable
565,36047029500,Stable
566,36047029600,Stable
567,36047029700,Stable
568,36047029800,Mixture
569,36047029900,Gentrifying
570,36047030000,Mixture
571,36047030100,Stable
572,36047030200,Mixture
573,36047030300,Stable
574,36047030400,Mixture
575,36047030500,Gentrifying
576,36047030600,Mixture
577,36047030700,Stable
578,36047030800,Mixture
579,36047030900,Gentrifying
580,36047031100,Gentrifying
581,36047031300,Gentrifying
582,36047031400,Mixture
583,36047031500,Gentrifying
584,36047031701,Gentrifying
585,36047031702,Gentrifying
586,36047031900,Stable
587,36047032100,Stable
588,36047032300,Stable
589,36047032500,Stable
590,36047032600,Stable
591,36047032700,Stable
592,36047032800,Stable
593,36047032900,Stable
594,36047033000,Stable
595,36047033100,Stable
596,36047033300,Stable
597,36047033500,Stable
598,36047033600,Stable
599,36047033700,Stable
600,36047033900,Stable
601,36047034000,Stable
602,36047034100,Stable
603,36047034200,Stable
604,36047034300,Stable
605,36047034500,Gentrifying
606,36047034700,Stable
607,36047034800,Stable
608,36047034900,Stable
609,36047035000,Stable
610,36047035100,Stable
611,36047035300,Gentrifying
612,36047035400,Stable
613,36047035500,Stable
614,36047035601,Stable
615,36047035602,Stable
616,36047035700,Stable
617,36047035900,Gentrifying
618,36047036001,Stable
619,36047036002,Stable
620,36047036100,Stable
621,36047036200,Stable
622,36047036300,Gentrifying
623,36047036400,Stable
624,36047036501,Stable
625,36047036502,Gentrifying
626,36047036600,Stable
627,36047036700,Gentrifying
628,36047036900,Stable
629,36047037000,Mixture
630,36047037100,Gentrifying
631,36047037300,Stable
632,36047037401,Mixture
633,36047037402,Mixture
634,36047037500,Gentrifying
635,36047037700,Gentrifying
636,36047037900,Stable
637,36047038100,Stable
638,36047038200,Stable
639,36047038300,Stable
640,36047038500,Stable
641,36047038600,Stable
642,36047038700,Gentrifying
643,36047038800,Mixture
644,36047038900,Gentrifying
645,36047039000,Mixture
646,36047039100,Gentrifying
647,36047039200,Mixture
648,36047039300,Gentrifying
649,36047039400,Mixture
650,36047039500,Gentrifying
651,36047039600,Mixture
652,36047039700,Gentrifying
653,36047039800,Mixture
654,36047039900,Gentrifying
655,36047040000,Mixture
656,36047040100,Gentrifying
657,36047040200,Mixture
658,36047040300,Gentrifying
659,36047040400,Mixture
660,36047040500,Gentrifying
661,36047040600,Mixture
662,36047040800,Mixture
663,36047040900,Gentrifying
664,36047041000,Mixture
665,36047041100,Gentrifying
666,36047041200,Mixture
667,36047041300,Stable
668,36047041401,Stable
669,36047041402,Stable
670,36047041500,Stable
671,36047041600,Mixture
672,36047041700,Stable
673,36047041800,Stable
674,36047041900,Gentrifying
675,36047042000,Stable
676,36047042100,Stable
677,36047042200,Mixture
678,36047042300,Stable
679,36047042400,Stable
680,36047042500,Gentrifying
681,36047042600,Mixture
682,36047042700,Gentrifying
683,36047042800,Stable
684,36047042900,Gentrifying
685,36047043000,Stable
686,36047043100,Gentrifying
687,36047043200,Stable
688,36047043300,Gentrifying
689,36047043400,Mixture
690,36047043500,Stable
691,36047043600,Stable
692,36047043700,Gentrifying
693,36047043800,Mixture
694,36047043900,Gentrifying
695,36047044000,Mixture
696,36047044100,Stable
697,36047044200,Stable
698,36047044300,Stable
699,36047044400,Mixture
700,36047044500,Stable
701,36047044600,Mixture
702,36047044700,Gentrifying
703,36047044800,Stable
704,36047044900,Gentrifying
705,36047045200,Mixture
706,36047045300,Gentrifying
707,36047045400,Mixture
708,36047045600,Mixture
709,36047045800,Stable
710,36047046000,Stable
711,36047046201,Stable
712,36047046202,Stable
713,36047046400,Stable
714,36047046800,Stable
715,36047047000,Stable
716,36047047200,Stable
717,36047047400,Stable
718,36047047600,Mixture
719,36047047700,Gentrifying
720,36047047800,Stable
721,36047048000,Stable
722,36047048100,Gentrifying
723,36047048200,Stable
724,36047048400,Stable
725,36047048500,Gentrifying
726,36047048600,Stable
727,36047048800,Stable
728,36047048900,Stable
729,36047049000,Stable
730,36047049100,Stable
731,36047049200,Stable
732,36047049300,Gentrifying
733,36047049400,Stable
734,36047049500,Gentrifying
735,36047049600,Stable
736,36047049700,Gentrifying
737,36047049800,Stable
738,36047049900,Mixture
739,36047050000,Stable
740,36047050100,Gentrifying
741,36047050202,Stable
742,36047050300,Gentrifying
743,36047050400,Stable
744,36047050500,Stable
745,36047050600,Stable
746,36047050801,Stable
747,36047050803,Gentrifying
748,36047050804,Gentrifying
749,36047050900,Stable
750,36047051001,Stable
751,36047051002,Gentrifying
752,36047051100,Stable
753,36047051200,Stable
754,36047051300,Gentrifying
755,36047051400,Stable
756,36047051500,Gentrifying
757,36047051601,Stable
758,36047051602,Gentrifying
759,36047051700,Stable
760,36047051800,Stable
761,36047051900,Gentrifying
762,36047052000,Stable
763,36047052300,Gentrifying
764,36047052500,Stable
765,36047052600,Stable
766,36047052700,Gentrifying
767,36047052800,Stable
768,36047052900,Stable
769,36047053000,Stable
770,36047053100,Gentrifying
771,36047053200,Stable
772,36047053300,Stable
773,36047053400,Stable
774,36047053500,Stable
775,36047053700,Stable
776,36047053800,Mixture
777,36047053900,Stable
778,36047054200,Stable
779,36047054400,Stable
780,36047054500,Stable
781,36047054600,Mixture
782,36047054700,Gentrifying
783,36047054800,Stable
784,36047054900,Gentrifying
785,36047055000,Stable
786,36047055100,Gentrifying
787,36047055200,Stable
788,36047055300,Stable
789,36047055400,Stable
790,36047055500,Mixture
791,36047055600,Stable
792,36047055700,Gentrifying
793,36047055800,Stable
794,36047056000,Stable
795,36047056100,Gentrifying
796,36047056200,Stable
797,36047056300,Gentrifying
798,36047056400,Mixture
799,36047056500,Stable
800,36047056600,Mixture
801,36047056800,Stable
802,36047056900,Stable
803,36047057000,Mixture
804,36047057100,Gentrifying
805,36047057200,Stable
806,36047057300,Gentrifying
807,36047057400,Stable
808,36047057500,Gentrifying
809,36047057600,Stable
810,36047057800,Stable
811,36047057900,Gentrifying
812,36047058000,Stable
813,36047058200,Mixture
814,36047058400,Stable
815,36047058600,Stable
816,36047058800,Stable
817,36047058900,Gentrifying
818,36047059000,Stable
819,36047059100,Gentrifying
820,36047059200,Stable
821,36047059300,Gentrifying
822,36047059401,Mixture
823,36047059402,Mixture
824,36047059600,Mixture
825,36047059800,Stable
826,36047060000,Stable
827,36047060600,Stable
828,36047060800,Stable
829,36047061002,Stable
830,36047061003,Mixture
831,36047061004,Stable
832,36047061200,Stable
833,36047061600,Mixture
834,36047062000,Stable
835,36047062200,Mixture
836,36047062600,Stable
837,36047062800,Mixture
838,36047063200,Mixture
839,36047063600,Stable
840,36047063800,Stable
841,36047064000,Stable
842,36047064200,Mixture
843,36047064400,Stable
844,36047064600,Stable
845,36047064800,Stable
846,36047065000,Stable
847,36047065200,Mixture
848,36047065400,Mixture
849,36047065800,Stable
850,36047066000,Mixture
851,36047066200,Stable
852,36047067000,Mixture
853,36047067200,Stable
854,36047067400,Stable
855,36047067600,Stable
856,36047067800,Stable
857,36047068000,Mixture
858,36047068200,Mixture
859,36047068600,Mixture
860,36047068800,Mixture
861,36047069000,Mixture
862,36047069200,Mixture
863,36047069601,Mixture
864,36047069602,Mixture
865,36047069800,Mixture
866,36047070000,Mixture
867,36047070201,Mixture
868,36047070600,Mixture
869,36047072000,Stable
870,36047072200,Stable
871,36047072400,Stable
872,36047072600,Stable
873,36047072800,Stable
874,36047073000,Stable
875,36047073200,Stable
876,36047073400,Stable
877,36047073600,Stable
878,36047073800,Stable
879,36047074000,Stable
880,36047074200,Stable
881,36047074400,Stable
882,36047074600,Stable
883,36047074800,Stable
884,36047075000,Stable
885,36047075200,Stable
886,36047075400,Stable
887,36047075600,Stable
888,36047075800,Stable
889,36047076000,Stable
890,36047076200,Stable
891,36047076400,Stable
892,36047076600,Stable
893,36047076800,Mixture
894,36047077000,Stable
895,36047077200,Stable
896,36047077400,Stable
897,36047077600,Stable
898,36047078000,Stable
899,36047078200,Stable
900,36047078400,Stable
901,36047078600,Stable
902,36047078800,Gentrifying
903,36047079000,Stable
904,36047079200,Stable
905,36047079400,Gentrifying
906,36047079601,Gentrifying
907,36047079602,Stable
908,36047079801,Stable
909,36047079802,Stable
910,36047080000,Stable
911,36047080200,Stable
912,36047080400,Stable
913,36047080600,Stable
914,36047081000,Stable
915,36047081400,Stable
916,36047081600,Stable
917,36047081800,Stable
918,36047082000,Stable
919,36047082200,Stable
920,36047082400,Stable
921,36047082600,Stable
922,36047082800,Stable
923,36047083000,Stable
924,36047083200,Stable
925,36047083400,Stable
926,36047083600,Stable
927,36047083800,Stable
928,36047084000,Stable
929,36047084600,Stable
930,36047084800,Stable
931,36047085000,Stable
932,36047085400,Stable
933,36047085600,Gentrifying
934,36047085800,Stable
935,36047086000,Stable
936,36047086200,Stable
937,36047086400,Stable
938,36047086600,Stable
939,36047086800,Stable
940,36047087000,Stable
941,36047087200,Stable
942,36047087401,Stable
943,36047087600,Stable
944,36047087800,Stable
945,36047088000,Stable
946,36047088200,Stable
947,36047088400,Stable
948,36047088600,Stable
949,36047088800,Stable
950,36047089000,Stable
951,36047089200,Stable
952,36047089400,Stable
953,36047089600,Stable
954,36047089800,Stable
955,36047090000,Stable
956,36047090200,Stable
957,36047090600,Gentrifying
958,36047090800,Stable
959,36047091000,Gentrifying
960,36047091200,Gentrifying
961,36047091600,Stable
962,36047091800,Stable
963,36047092000,Gentrifying
964,36047092200,Stable
965,36047092400,Gentrifying
966,36047092800,Stable
967,36047093000,Stable
968,36047093200,Stable
969,36047093400,Stable
970,36047093600,Stable
971,36047093800,Stable
972,36047094401,Stable
973,36047094402,Stable
974,36047094600,Stable
975,36047095000,Stable
976,36047095400,Stable
977,36047095600,Stable
978,36047095800,Stable
979,36047096200,Stable
980,36047096400,Stable
981,36047096600,Stable
982,36047096800,Gentrifying
983,36047097000,Gentrifying
984,36047097400,Stable
985,36047098200,Gentrifying
986,36047098400,Stable
987,36047098600,Stable
988,36047098800,Stable
989,36047099000,Stable
990,36047099200,Stable
991,36047099400,Stable
992,36047099600,Stable
993,36047099800,Stable
994,36047100400,Stable
995,36047100600,Stable
996,36047100800,Stable
997,36047101000,Mixture
998,36047101200,Stable
999,36047101400,Stable
1000,36047101600,Stable
1001,36047101800,Stable
1002,36047102000,Stable
1003,36047102200,Mixture
1004,36047102400,Stable
1005,36047102600,Stable
1006,36047102800,Stable
1007,36047103400,Stable
1008,36047105801,Stable
1009,36047105804,Stable
1010,36047107800,Stable
1011,36047109800,Gentrifying
1012,36047110400,Stable
1013,36047110600,Stable
1014,36047111000,Stable
1015,36047111600,Stable
1016,36047111800,Stable
1017,36047112000,Stable
1018,36047112200,Gentrifying
1019,36047112400,Stable
1020,36047112600,Stable
1021,36047112800,Stable
1022,36047113000,Stable
1023,36047113200,Stable
1024,36047113400,Stable
1025,36047114201,Stable
1026,36047114202,Stable
1027,36047114400,Stable
1028,36047114600,Stable
1029,36047115000,Stable
1030,36047115200,Stable
1031,36047115600,Stable
1032,36047115800,Stable
1033,36047116000,Stable
1034,36047116200,Stable
1035,36047116400,Stable
1036,36047116600,Stable
1037,36047116800,Gentrifying
1038,36047117000,Stable
1039,36047117201,Stable
1040,36047117202,Stable
1041,36047117400,Gentrifying
1042,36047117601,Stable
1043,36047117602,Stable
1044,36047117800,Stable
1045,36047118201,Gentrifying
1046,36047118202,Stable
1047,36047118400,Stable
1048,36047118600,Stable
1049,36047118800,Stable
1050,36047119000,Stable
1051,36047119200,Stable
1052,36047119400,Stable
1053,36047119600,Stable
1054,36047119800,Stable
1055,36047120000,Stable
1056,36047120200,Stable
1057,36047120800,Stable
1058,36047121000,Stable
1059,36047121400,Stable
1060,36047122000,Stable
1061,36047123700,Stable
1062,36047150200,Stable
1063,36047152200,Stable
1064,36061000201,Stable
1065,36061000202,Stable
1066,36061000600,Stable
1067,36061000700,Stable
1068,36061000800,Stable
1069,36061000900,Stable
1070,36061001001,Stable
1071,36061001002,Stable
1072,36061001200,Stable
1073,36061001300,Stable
1074,36061001401,Stable
1075,36061001402,Stable
1076,36061001501,Stable
1077,36061001502,Stable
1078,36061001600,Stable
1079,36061001800,Gentrifying
1080,36061002000,Gentrifying
1081,36061002100,Stable
1082,36061002201,Stable
1083,36061002202,Gentrifying
1084,36061002400,Gentrifying
1085,36061002500,Stable
1086,36061002601,Gentrifying
1087,36061002602,Stable
1088,36061002700,Stable
1089,36061002800,Stable
1090,36061002900,Stable
1091,36061003001,Stable
1092,36061003002,Stable
1093,36061003100,Stable
1094,36061003200,Stable
1095,36061003300,Stable
1096,36061003400,Stable
1097,36061003601,Gentrifying
1098,36061003602,Stable
1099,36061003700,Stable
1100,36061003800,Stable
1101,36061003900,Stable
1102,36061004000,Stable
1103,36061004100,Stable
1104,36061004200,Stable
1105,36061004300,Stable
1106,36061004400,Stable
1107,36061004500,Stable
1108,36061004700,Stable
1109,36061004800,Stable
1110,36061004900,Stable
1111,36061005000,Stable
1112,36061005200,Stable
1113,36061005400,Stable
1114,36061005501,Stable
1115,36061005502,Stable
1116,36061005600,Stable
1117,36061005700,Stable
1118,36061005900,Stable
1119,36061006000,Mixture
1120,36061006100,Stable
1121,36061006200,Stable
1122,36061006300,Stable
1123,36061006400,Stable
1124,36061006500,Stable
1125,36061006600,Stable
1126,36061006700,Stable
1127,36061006800,Stable
1128,36061006900,Stable
1129,36061007000,Stable
1130,36061007100,Stable
1131,36061007200,Stable
1132,36061007300,Stable
1133,36061007400,Stable
1134,36061007500,Stable
1135,36061007600,Stable
1136,36061007700,Stable
1137,36061007800,Stable
1138,36061007900,Stable
1139,36061008000,Stable
1140,36061008100,Stable
1141,36061008200,Mixture
1142,36061008300,Stable
1143,36061008400,Stable
1144,36061008601,Stable
1145,36061008603,Stable
1146,36061008700,Stable
1147,36061008800,Stable
1148,36061008900,Stable
1149,36061009000,Stable
1150,36061009100,Stable
1151,36061009200,Stable
1152,36061009300,Stable
1153,36061009500,Stable
1154,36061009700,Stable
1155,36061009800,Stable
1156,36061009900,Gentrifying
1157,36061010000,Mixture
1158,36061010300,Stable
1159,36061010400,Stable
1160,36061010601,Stable
1161,36061010602,Stable
1162,36061010800,Stable
1163,36061011000,Stable
1164,36061011100,Stable
1165,36061011201,Stable
1166,36061011203,Stable
1167,36061011401,Stable
1168,36061011402,Stable
1169,36061011500,Stable
1170,36061011600,Stable
1171,36061011800,Stable
1172,36061011900,Mixture
1173,36061012000,Stable
1174,36061012100,Stable
1175,36061012200,Mixture
1176,36061012400,Stable
1177,36061012500,Stable
1178,36061012600,Stable
1179,36061012700,Stable
1180,36061012800,Stable
1181,36061012900,Stable
1182,36061013000,Stable
1183,36061013100,Stable
1184,36061013200,Stable
1185,36061013300,Stable
1186,36061013400,Stable
1187,36061013500,Gentrifying
1188,36061013600,Stable
1189,36061013700,Stable
1190,36061013800,Mixture
1191,36061013900,Stable
1192,36061014000,Mixture
1193,36061014200,Stable
1194,36061014401,Stable
1195,36061014402,Stable
1196,36061014500,Stable
1197,36061014601,Stable
1198,36061014602,Stable
1199,36061014700,Stable
1200,36061014801,Stable
1201,36061014802,Stable
1202,36061014900,Stable
1203,36061015001,Stable
1204,36061015002,Mixture
1205,36061015100,Stable
1206,36061015200,Stable
1207,36061015300,Stable
1208,36061015400,Stable
1209,36061015500,Stable
1210,36061015601,Stable
1211,36061015602,Gentrifying
1212,36061015700,Stable
1213,36061015801,Stable
1214,36061015802,Stable
1215,36061015900,Stable
1216,36061016001,Stable
1217,36061016002,Stable
1218,36061016100,Stable
1219,36061016200,Stable
1220,36061016300,Stable
1221,36061016400,Gentrifying
1222,36061016500,Stable
1223,36061016600,Gentrifying
1224,36061016700,Stable
1225,36061016800,Stable
1226,36061016900,Stable
1227,36061017000,Stable
1228,36061017100,Stable
1229,36061017200,Gentrifying
1230,36061017300,Stable
1231,36061017401,Stable
1232,36061017402,Stable
1233,36061017500,Stable
1234,36061017700,Stable
1235,36061017800,Stable
1236,36061017900,Stable
1237,36061018000,Stable
1238,36061018100,Stable
1239,36061018200,Gentrifying
1240,36061018300,Stable
1241,36061018400,Gentrifying
1242,36061018500,Stable
1243,36061018600,Stable
1244,36061018700,Stable
1245,36061018800,Gentrifying
1246,36061018900,Stable
1247,36061019000,Gentrifying
1248,36061019100,Stable
1249,36061019200,Stable
1250,36061019300,Stable
1251,36061019400,Gentrifying
1252,36061019500,Stable
1253,36061019600,Stable
1254,36061019702,Stable
1255,36061019800,Gentrifying
1256,36061019900,Stable
1257,36061020000,Gentrifying
1258,36061020101,Stable
1259,36061020102,Gentrifying
1260,36061020300,Stable
1261,36061020500,Stable
1262,36061020600,Stable
1263,36061020701,Stable
1264,36061020800,Stable
1265,36061020901,Stable
1266,36061021000,Stable
1267,36061021100,Stable
1268,36061021200,Stable
1269,36061021303,Stable
1270,36061021400,Stable
1271,36061021500,Gentrifying
1272,36061021600,Stable
1273,36061021800,Gentrifying
1274,36061021900,Stable
1275,36061022000,Gentrifying
1276,36061022102,Stable
1277,36061022200,Gentrifying
1278,36061022301,Gentrifying
1279,36061022302,Stable
1280,36061022400,Stable
1281,36061022500,Stable
1282,36061022600,Gentrifying
1283,36061022700,Stable
1284,36061022800,Gentrifying
1285,36061022900,Gentrifying
1286,36061023000,Stable
1287,36061023100,Gentrifying
1288,36061023200,Stable
1289,36061023300,Gentrifying
1290,36061023400,Gentrifying
1291,36061023501,Stable
1292,36061023502,Gentrifying
1293,36061023600,Stable
1294,36061023700,Stable
1295,36061023801,Stable
1296,36061023802,Stable
1297,36061023900,Gentrifying
1298,36061024100,Stable
1299,36061024200,Stable
1300,36061024301,Stable
1301,36061024302,Stable
1302,36061024500,Stable
1303,36061024700,Stable
1304,36061024900,Gentrifying
1305,36061025100,Gentrifying
1306,36061025300,Gentrifying
1307,36061025500,Stable
1308,36061025700,Gentrifying
1309,36061025900,Gentrifying
1310,36061026100,Stable
1311,36061026300,Stable
1312,36061026500,Stable
1313,36061026700,Stable
1314,36061026900,Gentrifying
1315,36061027100,Stable
1316,36061027300,Stable
1317,36061027500,Stable
1318,36061027700,Stable
1319,36061027900,Stable
1320,36061028100,Stable
1321,36061028300,Stable
1322,36061028500,Gentrifying
1323,36061028700,Stable
1324,36061029100,Stable
1325,36061029300,Gentrifying
1326,36061029500,Stable
1327,36061029900,Stable
1328,36061030300,Stable
1329,36061030700,Stable
1330,36061030900,Stable
1331,36061031703,Stable
1332,36061031704,Mixture
1333,36081000100,Stable
1334,36081000200,Stable
1335,36081000400,Stable
1336,36081000600,Stable
1337,36081000700,Stable
1338,36081000800,Stable
1339,36081001000,Stable
1340,36081001200,Mixture
1341,36081001400,Mixture
1342,36081001600,Stable
1343,36081001800,Stable
1344,36081002000,Stable
1345,36081002200,Stable
1346,36081002400,Stable
1347,36081002500,Gentrifying
1348,36081002600,Stable
1349,36081002800,Stable
1350,36081003000,Mixture
1351,36081003100,Stable
1352,36081003200,Stable
1353,36081003300,Stable
1354,36081003400,Stable
1355,36081003600,Gentrifying
1356,36081003800,Stable
1357,36081003900,Stable
1358,36081004001,Gentrifying
1359,36081004002,Stable
1360,36081004200,Stable
1361,36081004300,Gentrifying
1362,36081004401,Stable
1363,36081004500,Stable
1364,36081004700,Stable
1365,36081005100,Stable
1366,36081005200,Stable
1367,36081005300,Stable
1368,36081005400,Stable
1369,36081005500,Gentrifying
1370,36081005700,Stable
1371,36081005800,Mixture
1372,36081005900,Stable
1373,36081006100,Stable
1374,36081006201,Mixture
1375,36081006202,Mixture
1376,36081006300,Stable
1377,36081006501,Stable
1378,36081006502,Stable
1379,36081006900,Gentrifying
1380,36081007100,Stable
1381,36081007300,Stable
1382,36081007500,Stable
1383,36081007700,Stable
1384,36081007900,Stable
1385,36081008100,Stable
1386,36081008300,Stable
1387,36081008500,Stable
1388,36081008600,Mixture
1389,36081008700,Stable
1390,36081008800,Mixture
1391,36081009100,Stable
1392,36081009400,Stable
1393,36081009500,Stable
1394,36081009600,Stable
1395,36081009700,Stable
1396,36081009800,Stable
1397,36081010000,Stable
1398,36081010100,Stable
1399,36081010200,Stable
1400,36081010300,Stable
1401,36081010400,Stable
1402,36081010500,Stable
1403,36081010600,Gentrifying
1404,36081010800,Stable
1405,36081011000,Stable
1406,36081011100,Stable
1407,36081011200,Gentrifying
1408,36081011300,Stable
1409,36081011400,Stable
1410,36081011500,Stable
1411,36081011600,Stable
1412,36081011700,Stable
1413,36081011800,Stable
1414,36081011900,Stable
1415,36081012000,Stable
1416,36081012100,Stable
1417,36081012200,Stable
1418,36081012301,Stable
1419,36081012400,Stable
1420,36081012500,Stable
1421,36081012601,Stable
1422,36081012602,Stable
1423,36081012800,Stable
1424,36081013000,Stable
1425,36081013200,Stable
1426,36081013400,Stable
1427,36081013500,Stable
1428,36081013600,Stable
1429,36081013700,Stable
1430,36081013800,Stable
1431,36081014000,Stable
1432,36081014100,Gentrifying
1433,36081014201,Stable
1434,36081014202,Stable
1435,36081014300,Stable
1436,36081014400,Stable
1437,36081014500,Gentrifying
1438,36081014700,Stable
1439,36081014800,Gentrifying
1440,36081014900,Gentrifying
1441,36081015000,Gentrifying
1442,36081015100,Stable
1443,36081015200,Gentrifying
1444,36081015300,Gentrifying
1445,36081015400,Stable
1446,36081015500,Gentrifying
1447,36081015600,Stable
1448,36081015700,Gentrifying
1449,36081015801,Stable
1450,36081015802,Gentrifying
1451,36081015900,Stable
1452,36081016100,Stable
1453,36081016300,Stable
1454,36081016400,Stable
1455,36081016600,Stable
1456,36081016800,Stable
1457,36081016900,Stable
1458,36081017000,Stable
1459,36081017200,Stable
1460,36081017400,Stable
1461,36081017600,Stable
1462,36081017800,Stable
1463,36081017900,Stable
1464,36081018000,Stable
1465,36081018101,Stable
1466,36081018102,Stable
1467,36081018200,Stable
1468,36081018300,Stable
1469,36081018401,Stable
1470,36081018402,Gentrifying
1471,36081018501,Stable
1472,36081018502,Stable
1473,36081018600,Stable
1474,36081018700,Stable
1475,36081018800,Stable
1476,36081018900,Stable
1477,36081019000,Stable
1478,36081019200,Stable
1479,36081019400,Stable
1480,36081019600,Stable
1481,36081019800,Stable
1482,36081019900,Stable
1483,36081020200,Stable
1484,36081020400,Stable
1485,36081020500,Stable
1486,36081020600,Stable
1487,36081020800,Stable
1488,36081021200,Gentrifying
1489,36081021400,Stable
1490,36081021600,Stable
1491,36081022001,Stable
1492,36081022002,Stable
1493,36081023000,Stable
1494,36081023200,Stable
1495,36081023500,Stable
1496,36081023600,Stable
1497,36081023800,Gentrifying
1498,36081024000,Stable
1499,36081024300,Stable
1500,36081024500,Stable
1501,36081024700,Stable
1502,36081024900,Stable
1503,36081025100,Stable
1504,36081025301,Stable
1505,36081025302,Stable
1506,36081025400,Stable
1507,36081025500,Mixture
1508,36081025700,Stable
1509,36081025800,Gentrifying
1510,36081025900,Stable
1511,36081026000,Gentrifying
1512,36081026100,Stable
1513,36081026200,Stable
1514,36081026300,Stable
1515,36081026400,Gentrifying
1516,36081026500,Stable
1517,36081026700,Stable
1518,36081026901,Stable
1519,36081026902,Stable
1520,36081027000,Stable
1521,36081027100,Stable
1522,36081027200,Gentrifying
1523,36081027300,Stable
1524,36081027400,Stable
1525,36081027500,Stable
1526,36081027600,Stable
1527,36081027700,Stable
1528,36081027800,Stable
1529,36081027900,Stable
1530,36081028000,Stable
1531,36081028100,Stable
1532,36081028200,Stable
1533,36081028300,Stable
1534,36081028400,Stable
1535,36081028500,Stable
1536,36081028700,Stable
1537,36081028800,Stable
1538,36081028900,Stable
1539,36081029100,Stable
1540,36081029300,Stable
1541,36081029400,Stable
1542,36081029500,Stable
1543,36081029700,Mixture
1544,36081030600,Stable
1545,36081030902,Stable
1546,36081030903,Stable
1547,36081030904,Stable
1548,36081031700,Stable
1549,36081032000,Stable
1550,36081032700,Stable
1551,36081032800,Stable
1552,36081032900,Stable
1553,36081033000,Stable
1554,36081033401,Stable
1555,36081033402,Stable
1556,36081033700,Stable
1557,36081033900,Stable
1558,36081034700,Stable
1559,36081035100,Stable
1560,36081035200,Stable
1561,36081035300,Stable
1562,36081035700,Stable
1563,36081035800,Stable
1564,36081036100,Stable
1565,36081036300,Stable
1566,36081036500,Stable
1567,36081036600,Stable
1568,36081036700,Stable
1569,36081036800,Stable
1570,36081037100,Stable
1571,36081037300,Stable
1572,36081037500,Stable
1573,36081037600,Stable
1574,36081037700,Stable
1575,36081037900,Stable
1576,36081038100,Stable
1577,36081038400,Stable
1578,36081039400,Stable
1579,36081039800,Stable
1580,36081039900,Gentrifying
1581,36081040000,Stable
1582,36081040100,Stable
1583,36081040200,Stable
1584,36081040300,Stable
1585,36081040400,Stable
1586,36081040500,Stable
1587,36081040700,Gentrifying
1588,36081040900,Stable
1589,36081041100,Stable
1590,36081041300,Stable
1591,36081041400,Stable
1592,36081041500,Stable
1593,36081042400,Stable
1594,36081042700,Stable
1595,36081043200,Stable
1596,36081043400,Gentrifying
1597,36081043701,Stable
1598,36081043702,Stable
1599,36081043900,Stable
1600,36081044000,Stable
1601,36081044301,Stable
1602,36081044302,Stable
1603,36081044400,Stable
1604,36081044601,Stable
1605,36081044602,Stable
1606,36081044800,Stable
1607,36081045000,Stable
1608,36081045200,Stable
1609,36081045400,Stable
1610,36081045500,Stable
1611,36081045600,Stable
1612,36081045700,Stable
1613,36081045800,Stable
1614,36081045900,Stable
1615,36081046000,Stable
1616,36081046100,Stable
1617,36081046200,Stable
1618,36081046300,Stable
1619,36081046400,Stable
1620,36081046500,Stable
1621,36081046600,Stable
1622,36081046700,Stable
1623,36081046800,Stable
1624,36081046900,Stable
1625,36081047000,Stable
1626,36081047100,Stable
1627,36081047200,Stable
1628,36081047300,Stable
1629,36081047500,Stable
1630,36081047800,Stable
1631,36081047900,Stable
1632,36081048000,Stable
1633,36081048100,Stable
1634,36081048200,Stable
1635,36081048300,Stable
1636,36081048400,Stable
1637,36081048500,Stable
1638,36081048900,Stable
1639,36081049200,Stable
1640,36081049301,Mixture
1641,36081049302,Mixture
1642,36081049500,Mixture
1643,36081049600,Stable
1644,36081049700,Stable
1645,36081049900,Stable
1646,36081050000,Stable
1647,36081050201,Stable
1648,36081050202,Stable
1649,36081050400,Stable
1650,36081050500,Stable
1651,36081050600,Stable
1652,36081050700,Mixture
1653,36081050800,Stable
1654,36081051000,Stable
1655,36081051100,Mixture
1656,36081051200,Stable
1657,36081051300,Mixture
1658,36081051500,Stable
1659,36081051600,Stable
1660,36081051700,Mixture
1661,36081051800,Stable
1662,36081052000,Stable
1663,36081052100,Mixture
1664,36081052200,Stable
1665,36081052400,Gentrifying
1666,36081052500,Mixture
1667,36081052600,Stable
1668,36081052800,Stable
1669,36081053000,Stable
1670,36081053100,Mixture
1671,36081053200,Stable
1672,36081053401,Stable
1673,36081053500,Stable
1674,36081053601,Stable
1675,36081053800,Stable
1676,36081053900,Stable
1677,36081054000,Stable
1678,36081054200,Stable
1679,36081054500,Stable
1680,36081054700,Stable
1681,36081054800,Stable
1682,36081054900,Stable
1683,36081055100,Stable
1684,36081055200,Stable
1685,36081055300,Stable
1686,36081055400,Stable
1687,36081055500,Stable
1688,36081055600,Stable
1689,36081055700,Stable
1690,36081055800,Stable
1691,36081055900,Gentrifying
1692,36081056000,Stable
1693,36081056200,Stable
1694,36081056400,Stable
1695,36081056500,Stable
1696,36081056600,Stable
1697,36081056700,Stable
1698,36081056800,Stable
1699,36081057700,Mixture
1700,36081057900,Mixture
1701,36081058000,Stable
1702,36081058100,Stable
1703,36081058200,Stable
1704,36081058300,Stable
1705,36081058500,Stable
1706,36081058700,Stable
1707,36081058900,Stable
1708,36081059000,Stable
1709,36081059100,Stable
1710,36081059200,Stable
1711,36081059300,Stable
1712,36081059400,Stable
1713,36081059500,Stable
1714,36081059600,Stable
1715,36081059800,Stable
1716,36081059900,Mixture
1717,36081060100,Mixture
1718,36081060300,Mixture
1719,36081060600,Stable
1720,36081060800,Stable
1721,36081061000,Stable
1722,36081061200,Stable
1723,36081061301,Mixture
1724,36081061400,Stable
1725,36081061601,Stable
1726,36081061602,Stable
1727,36081061800,Stable
1728,36081061900,Mixture
1729,36081062000,Stable
1730,36081062100,Mixture
1731,36081062200,Stable
1732,36081062300,Mixture
1733,36081062500,Mixture
1734,36081062600,Stable
1735,36081062700,Mixture
1736,36081062900,Mixture
1737,36081063000,Stable
1738,36081063200,Stable
1739,36081063301,Mixture
1740,36081063302,Mixture
1741,36081063500,Mixture
1742,36081063700,Mixture
1743,36081063800,Stable
1744,36081063900,Mixture
1745,36081064101,Mixture
1746,36081064500,Stable
1747,36081064600,Stable
1748,36081065000,Stable
1749,36081065400,Stable
1750,36081065600,Stable
1751,36081065702,Mixture
1752,36081065703,Mixture
1753,36081065900,Mixture
1754,36081066000,Stable
1755,36081066100,Mixture
1756,36081066300,Mixture
1757,36081066400,Stable
1758,36081066501,Mixture
1759,36081066701,Mixture
1760,36081066900,Stable
1761,36081067100,Mixture
1762,36081067700,Mixture
1763,36081067900,Stable
1764,36081068000,Stable
1765,36081068200,Stable
1766,36081068300,Stable
1767,36081068700,Stable
1768,36081069000,Stable
1769,36081069300,Stable
1770,36081069400,Stable
1771,36081069500,Mixture
1772,36081069701,Stable
1773,36081069702,Stable
1774,36081070300,Mixture
1775,36081070700,Stable
1776,36081070900,Stable
1777,36081071100,Stable
1778,36081071303,Stable
1779,36081071304,Stable
1780,36081071305,Stable
1781,36081071306,Mixture
1782,36081071701,Stable
1783,36081071702,Stable
1784,36081071900,Stable
1785,36081072100,Stable
1786,36081072300,Stable
1787,36081072900,Stable
1788,36081073100,Stable
1789,36081073700,Stable
1790,36081073900,Mixture
1791,36081074100,Stable
1792,36081074300,Stable
1793,36081074500,Stable
1794,36081074700,Stable
1795,36081074900,Stable
1796,36081075701,Mixture
1797,36081075702,Stable
1798,36081076901,Stable
1799,36081076902,Stable
1800,36081077300,Stable
1801,36081077500,Stable
1802,36081077902,Stable
1803,36081077903,Stable
1804,36081077904,Stable
1805,36081077905,Stable
1806,36081077906,Stable
1807,36081077907,Stable
1808,36081077908,Stable
1809,36081078800,Stable
1810,36081079000,Stable
1811,36081079200,Stable
1812,36081079701,Stable
1813,36081079702,Stable
1814,36081079900,Stable
1815,36081080301,Stable
1816,36081080302,Stable
1817,36081080900,Stable
1818,36081081400,Stable
1819,36081081800,Stable
1820,36081083700,Stable
1821,36081083800,Stable
1822,36081084000,Stable
1823,36081084500,Stable
1824,36081084601,Stable
1825,36081084602,Stable
1826,36081084900,Stable
1827,36081085300,Stable
1828,36081085500,Stable
1829,36081085700,Stable
1830,36081085900,Stable
1831,36081086100,Stable
1832,36081086300,Stable
1833,36081086400,Stable
1834,36081086500,Stable
1835,36081086900,Stable
1836,36081087100,Stable
1837,36081088400,Mixture
1838,36081088901,Stable
1839,36081089200,Mixture
1840,36081090700,Mixture
1841,36081091900,Stable
1842,36081092200,Stable
1843,36081092500,Stable
1844,36081092800,Mixture
1845,36081092900,Mixture
1846,36081093401,Stable
1847,36081093402,Mixture
1848,36081093800,Mixture
1849,36081093900,Mixture
1850,36081094201,Stable
1851,36081094202,Gentrifying
1852,36081094203,Stable
1853,36081094500,Mixture
1854,36081094700,Mixture
1855,36081095400,Stable
1856,36081096400,Stable
1857,36081097202,Stable
1858,36081097203,Stable
1859,36081097204,Stable
1860,36081097300,Stable
1861,36081098100,Mixture
1862,36081098700,Stable
1863,36081099100,Mixture
1864,36081099200,Stable
1865,36081099701,Mixture
1866,36081099703,Mixture
1867,36081099704,Stable
1868,36081099705,Mixture
1869,36081099801,Stable
1870,36081099802,Stable
1871,36081100801,Stable
1872,36081100802,Stable
1873,36081101001,Stable
1874,36081101002,Stable
1875,36081101700,Mixture
1876,36081102900,Stable
1877,36081103201,Stable
1878,36081103202,Stable
1879,36081103300,Mixture
1880,36081103900,Mixture
1881,36081104700,Stable
1882,36081105900,Mixture
1883,36081107201,Mixture
1884,36081108500,Mixture
1885,36081109300,Stable
1886,36081109700,Stable
1887,36081109900,Stable
1888,36081111300,Stable
1889,36081112300,Stable
1890,36081112900,Stable
1891,36081113300,Stable
1892,36081113900,Stable
1893,36081114100,Mixture
1894,36081114700,Stable
1895,36081115100,Stable
1896,36081115500,Stable
1897,36081115700,Stable
1898,36081115900,Stable
1899,36081116100,Stable
1900,36081116300,Stable
1901,36081116700,Stable
1902,36081117100,Stable
1903,36081117500,Stable
1904,36081118100,Stable
1905,36081118500,Stable
1906,36081118700,Stable
1907,36081118900,Stable
1908,36081119100,Stable
1909,36081119300,Stable
1910,36081119500,Stable
1911,36081119900,Stable
1912,36081120100,Stable
1913,36081120300,Stable
1914,36081120500,Stable
1915,36081120700,Stable
1916,36081121500,Stable
1917,36081122300,Stable
1918,36081122701,Stable
1919,36081122702,Stable
1920,36081124100,Stable
1921,36081124700,Stable
1922,36081125700,Stable
1923,36081126500,Stable
1924,36081126700,Stable
1925,36081127700,Stable
1926,36081129102,Stable
1927,36081129103,Stable
1928,36081129104,Stable
1929,36081130100,Stable
1930,36081133300,Stable
1931,36081133900,Stable
1932,36081134100,Stable
1933,36081134700,Stable
1934,36081136700,Stable
1935,36081137700,Stable
1936,36081138501,Mixture
1937,36081140300,Mixture
1938,36081140901,Stable
1939,36081140902,Stable
1940,36081141700,Stable
1941,36081142900,Stable
1942,36081143500,Stable
1943,36081144100,Mixture
1944,36081144700,Stable
1945,36081145101,Mixture
1946,36081145102,Stable
1947,36081145900,Mixture
1948,36081146300,Stable
1949,36081146700,Stable
1950,36081147100,Stable
1951,36081147900,Stable
1952,36081148300,Stable
1953,36081150701,Mixture
1954,36081150702,Stable
1955,36081152901,Stable
1956,36081152902,Gentrifying
1957,36081155101,Mixture
1958,36081155102,Stable
1959,36081156700,Gentrifying
1960,36081157101,Stable
1961,36081157102,Stable
1962,36081157901,Stable
1963,36081157902,Mixture
1964,36081157903,Mixture
1965,36081161700,Mixture
1966,36081162100,Stable
